Count,Percent Bachelor,Percent Master,Percent Doctor,Percent College,Percent Highschool Or Below
3150,30.82539682539683,8.063492063492063,3.1746031746031744,30.0952380952381,27.84126984126984
